kernel,mean_fit_time,std_fit_time,mean_score_time,std_score_time,param_clf__estimator,param_clf__estimator__criterion,param_clf__estimator__max_depth,param_clf__estimator__max_features,param_clf__estimator__n_estimators,params,split0_test_F1,split1_test_F1,split2_test_F1,split3_test_F1,split4_test_F1,mean_test_F1,std_test_F1,rank_test_F1,split0_test_Accuracy,split1_test_Accuracy,split2_test_Accuracy,split3_test_Accuracy,split4_test_Accuracy,mean_test_Accuracy,std_test_Accuracy,rank_test_Accuracy,split0_test_Recall,split1_test_Recall,split2_test_Recall,split3_test_Recall,split4_test_Recall,mean_test_Recall,std_test_Recall,rank_test_Recall,process,model
"RandomForestClassifier(criterion='entropy', max_depth=6, n_estimators=200)_entropy_6_auto_200",1.2702534675598145,0.26021210881957507,0.18253540992736816,0.07620330102614964,"RandomForestClassifier(criterion='entropy', max_depth=6, n_estimators=200)",entropy,6,auto,200,"{'clf__estimator': RandomForestClassifier(criterion='entropy', max_depth=6, n_estimators=200), 'clf__estimator__criterion': 'entropy', 'clf__estimator__max_depth': 6, 'clf__estimator__max_features': 'auto', 'clf__estimator__n_estimators': 200}",1.0,0.96,0.9873417721518987,0.975,1.0,0.9844683544303798,0.015356240827448141,1,1.0,0.972972972972973,0.9864864864864865,0.972972972972973,1.0,0.9864864864864865,0.012086853932431271,1,1.0,0.96,0.975,0.9512195121951219,1.0,0.9772439024390245,0.02007653411054139,1,text,rf
"RandomForestClassifier(criterion='entropy', max_depth=6, n_estimators=200)_entropy_8_auto_200",1.4576735019683837,0.15952847661680353,0.19948186874389648,0.034860519108808066,"RandomForestClassifier(criterion='entropy', max_depth=6, n_estimators=200)",entropy,8,auto,200,"{'clf__estimator': RandomForestClassifier(criterion='entropy', max_depth=6, n_estimators=200), 'clf__estimator__criterion': 'entropy', 'clf__estimator__max_depth': 8, 'clf__estimator__max_features': 'auto', 'clf__estimator__n_estimators': 200}",1.0,0.96,0.9873417721518987,0.975,1.0,0.9844683544303798,0.015356240827448141,1,1.0,0.972972972972973,0.9864864864864865,0.972972972972973,1.0,0.9864864864864865,0.012086853932431271,1,1.0,0.96,0.975,0.9512195121951219,1.0,0.9772439024390245,0.02007653411054139,1,text,rf
"RandomForestClassifier(criterion='entropy', max_depth=6, n_estimators=200)_gini_8_sqrt_200",1.4169074535369872,0.09988234053485572,0.18380436897277833,0.03829427620759015,"RandomForestClassifier(criterion='entropy', max_depth=6, n_estimators=200)",gini,8,sqrt,200,"{'clf__estimator': RandomForestClassifier(criterion='entropy', max_depth=6, n_estimators=200), 'clf__estimator__criterion': 'gini', 'clf__estimator__max_depth': 8, 'clf__estimator__max_features': 'sqrt', 'clf__estimator__n_estimators': 200}",1.0,0.96,0.9743589743589743,0.9876543209876543,1.0,0.9844026590693258,0.015449872269123621,3,1.0,0.972972972972973,0.972972972972973,0.9864864864864865,1.0,0.9864864864864865,0.012086853932431271,1,1.0,0.96,0.95,0.975609756097561,1.0,0.9771219512195122,0.020385575378725863,3,text,rf
"RandomForestClassifier(criterion='entropy', max_depth=6, n_estimators=200)_entropy_7_auto_500",2.3551465034484864,0.6919600522146057,0.23843579292297362,0.07090034449570826,"RandomForestClassifier(criterion='entropy', max_depth=6, n_estimators=200)",entropy,7,auto,500,"{'clf__estimator': RandomForestClassifier(criterion='entropy', max_depth=6, n_estimators=200), 'clf__estimator__criterion': 'entropy', 'clf__estimator__max_depth': 7, 'clf__estimator__max_features': 'auto', 'clf__estimator__n_estimators': 500}",1.0,0.96,0.9743589743589743,0.9876543209876543,1.0,0.9844026590693258,0.015449872269123621,3,1.0,0.972972972972973,0.972972972972973,0.9864864864864865,1.0,0.9864864864864865,0.012086853932431271,1,1.0,0.96,0.95,0.975609756097561,1.0,0.9771219512195122,0.020385575378725863,3,text,rf
"RandomForestClassifier(criterion='entropy', max_depth=6, n_estimators=200)_gini_7_auto_500",2.186459255218506,0.6049777780197778,0.26042490005493163,0.09288497360485724,"RandomForestClassifier(criterion='entropy', max_depth=6, n_estimators=200)",gini,7,auto,500,"{'clf__estimator': RandomForestClassifier(criterion='entropy', max_depth=6, n_estimators=200), 'clf__estimator__criterion': 'gini', 'clf__estimator__max_depth': 7, 'clf__estimator__max_features': 'auto', 'clf__estimator__n_estimators': 500}",1.0,0.96,0.9743589743589743,0.9876543209876543,1.0,0.9844026590693258,0.015449872269123621,3,1.0,0.972972972972973,0.972972972972973,0.9864864864864865,1.0,0.9864864864864865,0.012086853932431271,1,1.0,0.96,0.95,0.975609756097561,1.0,0.9771219512195122,0.020385575378725863,3,text,rf
"RandomForestClassifier(criterion='entropy', max_depth=6, n_estimators=200)_entropy_7_sqrt_500",2.3949320316314697,0.6869443977926086,0.2335883140563965,0.0844315018078777,"RandomForestClassifier(criterion='entropy', max_depth=6, n_estimators=200)",entropy,7,sqrt,500,"{'clf__estimator': RandomForestClassifier(criterion='entropy', max_depth=6, n_estimators=200), 'clf__estimator__criterion': 'entropy', 'clf__estimator__max_depth': 7, 'clf__estimator__max_features': 'sqrt', 'clf__estimator__n_estimators': 500}",1.0,0.96,0.9743589743589743,0.9876543209876543,1.0,0.9844026590693258,0.015449872269123621,3,1.0,0.972972972972973,0.972972972972973,0.9864864864864865,1.0,0.9864864864864865,0.012086853932431271,1,1.0,0.96,0.95,0.975609756097561,1.0,0.9771219512195122,0.020385575378725863,3,text,rf
"RandomForestClassifier(criterion='entropy', max_depth=6, n_estimators=200)_gini_6_sqrt_500",2.088884210586548,0.49232023520905643,0.2574209213256836,0.07076257614666101,"RandomForestClassifier(criterion='entropy', max_depth=6, n_estimators=200)",gini,6,sqrt,500,"{'clf__estimator': RandomForestClassifier(criterion='entropy', max_depth=6, n_estimators=200), 'clf__estimator__criterion': 'gini', 'clf__estimator__max_depth': 6, 'clf__estimator__max_features': 'sqrt', 'clf__estimator__n_estimators': 500}",1.0,0.96,0.9743589743589743,0.9876543209876543,1.0,0.9844026590693258,0.015449872269123621,3,1.0,0.972972972972973,0.972972972972973,0.9864864864864865,1.0,0.9864864864864865,0.012086853932431271,1,1.0,0.96,0.95,0.975609756097561,1.0,0.9771219512195122,0.020385575378725863,3,text,rf
"RandomForestClassifier(criterion='entropy', max_depth=6, n_estimators=200)_gini_7_sqrt_200",1.2817712783813477,0.29034461938111844,0.19312624931335448,0.02234229943043125,"RandomForestClassifier(criterion='entropy', max_depth=6, n_estimators=200)",gini,7,sqrt,200,"{'clf__estimator': RandomForestClassifier(criterion='entropy', max_depth=6, n_estimators=200), 'clf__estimator__criterion': 'gini', 'clf__estimator__max_depth': 7, 'clf__estimator__max_features': 'sqrt', 'clf__estimator__n_estimators': 200}",1.0,0.96,0.9743589743589743,0.9876543209876543,1.0,0.9844026590693258,0.015449872269123621,3,1.0,0.972972972972973,0.972972972972973,0.9864864864864865,1.0,0.9864864864864865,0.012086853932431271,1,1.0,0.96,0.95,0.975609756097561,1.0,0.9771219512195122,0.020385575378725863,3,text,rf
"RandomForestClassifier(criterion='entropy', max_depth=6, n_estimators=200)_entropy_8_auto_500",2.278288221359253,0.5600148592397348,0.19310345649719238,0.04112436508591109,"RandomForestClassifier(criterion='entropy', max_depth=6, n_estimators=200)",entropy,8,auto,500,"{'clf__estimator': RandomForestClassifier(criterion='entropy', max_depth=6, n_estimators=200), 'clf__estimator__criterion': 'entropy', 'clf__estimator__max_depth': 8, 'clf__estimator__max_features': 'auto', 'clf__estimator__n_estimators': 500}",1.0,0.96,0.9743589743589743,0.9876543209876543,0.988235294117647,0.9820497178928551,0.013691041976909239,9,1.0,0.972972972972973,0.972972972972973,0.9864864864864865,0.9864864864864865,0.9837837837837838,0.010112587531821444,9,1.0,0.96,0.95,0.975609756097561,1.0,0.9771219512195122,0.020385575378725863,3,text,rf
"RandomForestClassifier(criterion='entropy', max_depth=6, n_estimators=200)_entropy_7_auto_200",1.2658956050872803,0.10797198663602951,0.19228825569152833,0.05523185403092906,"RandomForestClassifier(criterion='entropy', max_depth=6, n_estimators=200)",entropy,7,auto,200,"{'clf__estimator': RandomForestClassifier(criterion='entropy', max_depth=6, n_estimators=200), 'clf__estimator__criterion': 'entropy', 'clf__estimator__max_depth': 7, 'clf__estimator__max_features': 'auto', 'clf__estimator__n_estimators': 200}",1.0,0.96,0.9743589743589743,0.9876543209876543,0.988235294117647,0.9820497178928551,0.013691041976909239,9,1.0,0.972972972972973,0.972972972972973,0.9864864864864865,0.9864864864864865,0.9837837837837838,0.010112587531821444,9,1.0,0.96,0.95,0.975609756097561,1.0,0.9771219512195122,0.020385575378725863,3,text,rf
"RandomForestClassifier(criterion='entropy', max_depth=6, n_estimators=200)_entropy_5_auto_200",1.412332582473755,0.3635535980047225,0.2042421817779541,0.05999865169204865,"RandomForestClassifier(criterion='entropy', max_depth=6, n_estimators=200)",entropy,5,auto,200,"{'clf__estimator': RandomForestClassifier(criterion='entropy', max_depth=6, n_estimators=200), 'clf__estimator__criterion': 'entropy', 'clf__estimator__max_depth': 5, 'clf__estimator__max_features': 'auto', 'clf__estimator__n_estimators': 200}",1.0,0.96,0.9743589743589743,0.9876543209876543,0.988235294117647,0.9820497178928551,0.013691041976909239,9,1.0,0.972972972972973,0.972972972972973,0.9864864864864865,0.9864864864864865,0.9837837837837838,0.010112587531821444,9,1.0,0.96,0.95,0.975609756097561,1.0,0.9771219512195122,0.020385575378725863,3,text,rf
"RandomForestClassifier(criterion='entropy', max_depth=6, n_estimators=200)_gini_7_auto_200",1.3246358394622804,0.12062670285194918,0.19583449363708497,0.03921328432467723,"RandomForestClassifier(criterion='entropy', max_depth=6, n_estimators=200)",gini,7,auto,200,"{'clf__estimator': RandomForestClassifier(criterion='entropy', max_depth=6, n_estimators=200), 'clf__estimator__criterion': 'gini', 'clf__estimator__max_depth': 7, 'clf__estimator__max_features': 'auto', 'clf__estimator__n_estimators': 200}",1.0,0.96,0.9873417721518987,0.9620253164556963,1.0,0.9818734177215191,0.01766036464545254,12,1.0,0.972972972972973,0.9864864864864865,0.9594594594594594,1.0,0.9837837837837838,0.015759329445527843,9,1.0,0.96,0.975,0.926829268292683,1.0,0.9723658536585364,0.027425264842758014,12,text,rf
"RandomForestClassifier(criterion='entropy', max_depth=6, n_estimators=200)_entropy_5_sqrt_500",2.55830659866333,0.5891429076798412,0.2572239875793457,0.060498370198853596,"RandomForestClassifier(criterion='entropy', max_depth=6, n_estimators=200)",entropy,5,sqrt,500,"{'clf__estimator': RandomForestClassifier(criterion='entropy', max_depth=6, n_estimators=200), 'clf__estimator__criterion': 'entropy', 'clf__estimator__max_depth': 5, 'clf__estimator__max_features': 'sqrt', 'clf__estimator__n_estimators': 500}",1.0,0.96,0.9743589743589743,0.975,1.0,0.981871794871795,0.015743589743589758,13,1.0,0.972972972972973,0.972972972972973,0.972972972972973,1.0,0.9837837837837838,0.013240485096125262,9,1.0,0.96,0.95,0.9512195121951219,1.0,0.9722439024390244,0.022923923012477074,13,text,rf
"RandomForestClassifier(criterion='entropy', max_depth=6, n_estimators=200)_gini_5_sqrt_500",1.8268186569213867,0.40833224928697004,0.17834267616271973,0.059085517788247326,"RandomForestClassifier(criterion='entropy', max_depth=6, n_estimators=200)",gini,5,sqrt,500,"{'clf__estimator': RandomForestClassifier(criterion='entropy', max_depth=6, n_estimators=200), 'clf__estimator__criterion': 'gini', 'clf__estimator__max_depth': 5, 'clf__estimator__max_features': 'sqrt', 'clf__estimator__n_estimators': 500}",1.0,0.96,0.9743589743589743,0.975,1.0,0.981871794871795,0.015743589743589758,13,1.0,0.972972972972973,0.972972972972973,0.972972972972973,1.0,0.9837837837837838,0.013240485096125262,9,1.0,0.96,0.95,0.9512195121951219,1.0,0.9722439024390244,0.022923923012477074,13,text,rf
"RandomForestClassifier(criterion='entropy', max_depth=6, n_estimators=200)_entropy_4_auto_200",1.2933885097503661,0.22540782268364098,0.1682964324951172,0.05890476598650727,"RandomForestClassifier(criterion='entropy', max_depth=6, n_estimators=200)",entropy,4,auto,200,"{'clf__estimator': RandomForestClassifier(criterion='entropy', max_depth=6, n_estimators=200), 'clf__estimator__criterion': 'entropy', 'clf__estimator__max_depth': 4, 'clf__estimator__max_features': 'auto', 'clf__estimator__n_estimators': 200}",1.0,0.96,0.9743589743589743,0.975,1.0,0.981871794871795,0.015743589743589758,13,1.0,0.972972972972973,0.972972972972973,0.972972972972973,1.0,0.9837837837837838,0.013240485096125262,9,1.0,0.96,0.95,0.9512195121951219,1.0,0.9722439024390244,0.022923923012477074,13,text,rf
"RandomForestClassifier(criterion='entropy', max_depth=6, n_estimators=200)_entropy_6_sqrt_500",2.3787106037139893,0.6867057528094993,0.24926929473876952,0.09495590219574739,"RandomForestClassifier(criterion='entropy', max_depth=6, n_estimators=200)",entropy,6,sqrt,500,"{'clf__estimator': RandomForestClassifier(criterion='entropy', max_depth=6, n_estimators=200), 'clf__estimator__criterion': 'entropy', 'clf__estimator__max_depth': 6, 'clf__estimator__max_features': 'sqrt', 'clf__estimator__n_estimators': 500}",1.0,0.96,0.9743589743589743,0.975,1.0,0.981871794871795,0.015743589743589758,13,1.0,0.972972972972973,0.972972972972973,0.972972972972973,1.0,0.9837837837837838,0.013240485096125262,9,1.0,0.96,0.95,0.9512195121951219,1.0,0.9722439024390244,0.022923923012477074,13,text,rf
"RandomForestClassifier(criterion='entropy', max_depth=6, n_estimators=200)_gini_6_auto_500",1.5510387420654297,0.37504518207186316,0.22169022560119628,0.09546029669564435,"RandomForestClassifier(criterion='entropy', max_depth=6, n_estimators=200)",gini,6,auto,500,"{'clf__estimator': RandomForestClassifier(criterion='entropy', max_depth=6, n_estimators=200), 'clf__estimator__criterion': 'gini', 'clf__estimator__max_depth': 6, 'clf__estimator__max_features': 'auto', 'clf__estimator__n_estimators': 500}",1.0,0.96,0.9743589743589743,0.975,1.0,0.981871794871795,0.015743589743589758,13,1.0,0.972972972972973,0.972972972972973,0.972972972972973,1.0,0.9837837837837838,0.013240485096125262,9,1.0,0.96,0.95,0.9512195121951219,1.0,0.9722439024390244,0.022923923012477074,13,text,rf
"RandomForestClassifier(criterion='entropy', max_depth=6, n_estimators=200)_entropy_6_auto_500",2.2945644855499268,0.6597273815855997,0.20950760841369628,0.07000083676528673,"RandomForestClassifier(criterion='entropy', max_depth=6, n_estimators=200)",entropy,6,auto,500,"{'clf__estimator': RandomForestClassifier(criterion='entropy', max_depth=6, n_estimators=200), 'clf__estimator__criterion': 'entropy', 'clf__estimator__max_depth': 6, 'clf__estimator__max_features': 'auto', 'clf__estimator__n_estimators': 500}",1.0,0.96,0.9743589743589743,0.975,1.0,0.981871794871795,0.015743589743589758,13,1.0,0.972972972972973,0.972972972972973,0.972972972972973,1.0,0.9837837837837838,0.013240485096125262,9,1.0,0.96,0.95,0.9512195121951219,1.0,0.9722439024390244,0.022923923012477074,13,text,rf
"RandomForestClassifier(criterion='entropy', max_depth=6, n_estimators=200)_gini_8_auto_500",2.2625589847564695,0.6165998709129351,0.22209339141845702,0.07638635495221502,"RandomForestClassifier(criterion='entropy', max_depth=6, n_estimators=200)",gini,8,auto,500,"{'clf__estimator': RandomForestClassifier(criterion='entropy', max_depth=6, n_estimators=200), 'clf__estimator__criterion': 'gini', 'clf__estimator__max_depth': 8, 'clf__estimator__max_features': 'auto', 'clf__estimator__n_estimators': 500}",1.0,0.96,0.9743589743589743,0.975,1.0,0.981871794871795,0.015743589743589758,13,1.0,0.972972972972973,0.972972972972973,0.972972972972973,1.0,0.9837837837837838,0.013240485096125262,9,1.0,0.96,0.95,0.9512195121951219,1.0,0.9722439024390244,0.022923923012477074,13,text,rf
"RandomForestClassifier(criterion='entropy', max_depth=6, n_estimators=200)_entropy_4_sqrt_500",2.163343334197998,0.5951659379156234,0.24020209312438964,0.10048457248787743,"RandomForestClassifier(criterion='entropy', max_depth=6, n_estimators=200)",entropy,4,sqrt,500,"{'clf__estimator': RandomForestClassifier(criterion='entropy', max_depth=6, n_estimators=200), 'clf__estimator__criterion': 'entropy', 'clf__estimator__max_depth': 4, 'clf__estimator__max_features': 'sqrt', 'clf__estimator__n_estimators': 500}",1.0,0.96,0.9743589743589743,0.975,1.0,0.981871794871795,0.015743589743589758,13,1.0,0.972972972972973,0.972972972972973,0.972972972972973,1.0,0.9837837837837838,0.013240485096125262,9,1.0,0.96,0.95,0.9512195121951219,1.0,0.9722439024390244,0.022923923012477074,13,text,rf
"RandomForestClassifier(criterion='entropy', max_depth=6, n_estimators=200)_gini_7_sqrt_500",2.3325772285461426,0.7072467361866613,0.26490283012390137,0.10314493089165346,"RandomForestClassifier(criterion='entropy', max_depth=6, n_estimators=200)",gini,7,sqrt,500,"{'clf__estimator': RandomForestClassifier(criterion='entropy', max_depth=6, n_estimators=200), 'clf__estimator__criterion': 'gini', 'clf__estimator__max_depth': 7, 'clf__estimator__max_features': 'sqrt', 'clf__estimator__n_estimators': 500}",1.0,0.96,0.9743589743589743,0.975,1.0,0.981871794871795,0.015743589743589758,13,1.0,0.972972972972973,0.972972972972973,0.972972972972973,1.0,0.9837837837837838,0.013240485096125262,9,1.0,0.96,0.95,0.9512195121951219,1.0,0.9722439024390244,0.022923923012477074,13,text,rf
"RandomForestClassifier(criterion='entropy', max_depth=6, n_estimators=200)_gini_4_sqrt_200",1.0210306167602539,0.177934081161253,0.15294265747070312,0.05545871261815745,"RandomForestClassifier(criterion='entropy', max_depth=6, n_estimators=200)",gini,4,sqrt,200,"{'clf__estimator': RandomForestClassifier(criterion='entropy', max_depth=6, n_estimators=200), 'clf__estimator__criterion': 'gini', 'clf__estimator__max_depth': 4, 'clf__estimator__max_features': 'sqrt', 'clf__estimator__n_estimators': 200}",1.0,0.96,0.9743589743589743,0.975,1.0,0.981871794871795,0.015743589743589758,13,1.0,0.972972972972973,0.972972972972973,0.972972972972973,1.0,0.9837837837837838,0.013240485096125262,9,1.0,0.96,0.95,0.9512195121951219,1.0,0.9722439024390244,0.022923923012477074,13,text,rf
"RandomForestClassifier(criterion='entropy', max_depth=6, n_estimators=200)_entropy_8_sqrt_500",2.315637397766113,0.431592759667196,0.2143989086151123,0.09583849659441047,"RandomForestClassifier(criterion='entropy', max_depth=6, n_estimators=200)",entropy,8,sqrt,500,"{'clf__estimator': RandomForestClassifier(criterion='entropy', max_depth=6, n_estimators=200), 'clf__estimator__criterion': 'entropy', 'clf__estimator__max_depth': 8, 'clf__estimator__max_features': 'sqrt', 'clf__estimator__n_estimators': 500}",1.0,0.96,0.961038961038961,0.9876543209876543,1.0,0.981738656405323,0.017905278538940576,23,1.0,0.972972972972973,0.9594594594594594,0.9864864864864865,1.0,0.9837837837837838,0.015759329445527843,9,1.0,0.96,0.925,0.975609756097561,1.0,0.9721219512195122,0.028049798496902513,25,text,rf
"RandomForestClassifier(criterion='entropy', max_depth=6, n_estimators=200)_gini_8_auto_200",1.4738985061645509,0.16913109466891235,0.2027151107788086,0.020023386811096434,"RandomForestClassifier(criterion='entropy', max_depth=6, n_estimators=200)",gini,8,auto,200,"{'clf__estimator': RandomForestClassifier(criterion='entropy', max_depth=6, n_estimators=200), 'clf__estimator__criterion': 'gini', 'clf__estimator__max_depth': 8, 'clf__estimator__max_features': 'auto', 'clf__estimator__n_estimators': 200}",0.9863013698630138,0.96,0.9743589743589743,0.9876543209876543,1.0,0.9816629330419285,0.013537284297122268,24,0.9864864864864865,0.972972972972973,0.972972972972973,0.9864864864864865,1.0,0.9837837837837838,0.010112587531821442,9,0.972972972972973,0.96,0.95,0.975609756097561,1.0,0.9717165458141068,0.016885350361259995,26,text,rf
"RandomForestClassifier(criterion='entropy', max_depth=6, n_estimators=200)_gini_8_sqrt_500",2.189226770401001,0.5521420176637216,0.22409706115722655,0.08511276638283755,"RandomForestClassifier(criterion='entropy', max_depth=6, n_estimators=200)",gini,8,sqrt,500,"{'clf__estimator': RandomForestClassifier(criterion='entropy', max_depth=6, n_estimators=200), 'clf__estimator__criterion': 'gini', 'clf__estimator__max_depth': 8, 'clf__estimator__max_features': 'sqrt', 'clf__estimator__n_estimators': 500}",1.0,0.96,0.9743589743589743,0.975,0.988235294117647,0.9795188536953242,0.01359031810263723,25,1.0,0.972972972972973,0.972972972972973,0.972972972972973,0.9864864864864865,0.9810810810810813,0.010810810810810789,25,1.0,0.96,0.95,0.9512195121951219,1.0,0.9722439024390244,0.022923923012477074,13,text,rf
"RandomForestClassifier(criterion='entropy', max_depth=6, n_estimators=200)_gini_5_auto_500",1.648734951019287,0.48947482742862997,0.200639009475708,0.06987349600995328,"RandomForestClassifier(criterion='entropy', max_depth=6, n_estimators=200)",gini,5,auto,500,"{'clf__estimator': RandomForestClassifier(criterion='entropy', max_depth=6, n_estimators=200), 'clf__estimator__criterion': 'gini', 'clf__estimator__max_depth': 5, 'clf__estimator__max_features': 'auto', 'clf__estimator__n_estimators': 500}",1.0,0.96,0.9743589743589743,0.9620253164556963,1.0,0.9792768581629343,0.017619851010822973,26,1.0,0.972972972972973,0.972972972972973,0.9594594594594594,1.0,0.981081081081081,0.016216216216216214,26,1.0,0.96,0.95,0.926829268292683,1.0,0.9673658536585366,0.028736800244299726,27,text,rf
"RandomForestClassifier(criterion='entropy', max_depth=6, n_estimators=200)_entropy_5_auto_500",2.099202823638916,0.6234725298308393,0.2507182121276855,0.09404461617412263,"RandomForestClassifier(criterion='entropy', max_depth=6, n_estimators=200)",entropy,5,auto,500,"{'clf__estimator': RandomForestClassifier(criterion='entropy', max_depth=6, n_estimators=200), 'clf__estimator__criterion': 'entropy', 'clf__estimator__max_depth': 5, 'clf__estimator__max_features': 'auto', 'clf__estimator__n_estimators': 500}",1.0,0.96,0.9743589743589743,0.9620253164556963,1.0,0.9792768581629343,0.017619851010822973,26,1.0,0.972972972972973,0.972972972972973,0.9594594594594594,1.0,0.981081081081081,0.016216216216216214,26,1.0,0.96,0.95,0.926829268292683,1.0,0.9673658536585366,0.028736800244299726,27,text,rf
"RandomForestClassifier(criterion='entropy', max_depth=6, n_estimators=200)_entropy_6_sqrt_200",1.3571306705474853,0.21143433345286353,0.19354829788208008,0.026412607817681753,"RandomForestClassifier(criterion='entropy', max_depth=6, n_estimators=200)",entropy,6,sqrt,200,"{'clf__estimator': RandomForestClassifier(criterion='entropy', max_depth=6, n_estimators=200), 'clf__estimator__criterion': 'entropy', 'clf__estimator__max_depth': 6, 'clf__estimator__max_features': 'sqrt', 'clf__estimator__n_estimators': 200}",1.0,0.96,0.9743589743589743,0.9620253164556963,1.0,0.9792768581629343,0.017619851010822973,26,1.0,0.972972972972973,0.972972972972973,0.9594594594594594,1.0,0.981081081081081,0.016216216216216214,26,1.0,0.96,0.95,0.926829268292683,1.0,0.9673658536585366,0.028736800244299726,27,text,rf
"RandomForestClassifier(criterion='entropy', max_depth=6, n_estimators=200)_gini_6_auto_200",0.8666716098785401,0.18067497044685038,0.12707180976867677,0.03138378145667472,"RandomForestClassifier(criterion='entropy', max_depth=6, n_estimators=200)",gini,6,auto,200,"{'clf__estimator': RandomForestClassifier(criterion='entropy', max_depth=6, n_estimators=200), 'clf__estimator__criterion': 'gini', 'clf__estimator__max_depth': 6, 'clf__estimator__max_features': 'auto', 'clf__estimator__n_estimators': 200}",1.0,0.96,0.9743589743589743,0.9620253164556963,1.0,0.9792768581629343,0.017619851010822973,26,1.0,0.972972972972973,0.972972972972973,0.9594594594594594,1.0,0.981081081081081,0.016216216216216214,26,1.0,0.96,0.95,0.926829268292683,1.0,0.9673658536585366,0.028736800244299726,27,text,rf
"RandomForestClassifier(criterion='entropy', max_depth=6, n_estimators=200)_entropy_7_sqrt_200",1.4925525665283204,0.1852956365160596,0.18169698715209961,0.05530459367602681,"RandomForestClassifier(criterion='entropy', max_depth=6, n_estimators=200)",entropy,7,sqrt,200,"{'clf__estimator': RandomForestClassifier(criterion='entropy', max_depth=6, n_estimators=200), 'clf__estimator__criterion': 'entropy', 'clf__estimator__max_depth': 7, 'clf__estimator__max_features': 'sqrt', 'clf__estimator__n_estimators': 200}",1.0,0.96,0.9743589743589743,0.9620253164556963,1.0,0.9792768581629343,0.017619851010822973,26,1.0,0.972972972972973,0.972972972972973,0.9594594594594594,1.0,0.981081081081081,0.016216216216216214,26,1.0,0.96,0.95,0.926829268292683,1.0,0.9673658536585366,0.028736800244299726,27,text,rf
"RandomForestClassifier(criterion='entropy', max_depth=6, n_estimators=200)_entropy_5_sqrt_200",1.4141398429870606,0.2233724015602523,0.19890046119689941,0.055705150165420235,"RandomForestClassifier(criterion='entropy', max_depth=6, n_estimators=200)",entropy,5,sqrt,200,"{'clf__estimator': RandomForestClassifier(criterion='entropy', max_depth=6, n_estimators=200), 'clf__estimator__criterion': 'entropy', 'clf__estimator__max_depth': 5, 'clf__estimator__max_features': 'sqrt', 'clf__estimator__n_estimators': 200}",1.0,0.96,0.961038961038961,0.975,1.0,0.9792077922077922,0.01778416729876249,31,1.0,0.972972972972973,0.9594594594594594,0.972972972972973,1.0,0.981081081081081,0.016216216216216214,26,1.0,0.96,0.925,0.9512195121951219,1.0,0.9672439024390244,0.029119499835543513,34,text,rf
"RandomForestClassifier(criterion='entropy', max_depth=6, n_estimators=200)_entropy_4_sqrt_200",1.3396276950836181,0.061729211437710436,0.2033750057220459,0.042619598570193276,"RandomForestClassifier(criterion='entropy', max_depth=6, n_estimators=200)",entropy,4,sqrt,200,"{'clf__estimator': RandomForestClassifier(criterion='entropy', max_depth=6, n_estimators=200), 'clf__estimator__criterion': 'entropy', 'clf__estimator__max_depth': 4, 'clf__estimator__max_features': 'sqrt', 'clf__estimator__n_estimators': 200}",0.9863013698630138,0.96,0.9743589743589743,0.975,1.0,0.9791320688443976,0.013362349419012228,32,0.9864864864864865,0.972972972972973,0.972972972972973,0.972972972972973,1.0,0.981081081081081,0.010810810810810789,26,0.972972972972973,0.96,0.95,0.9512195121951219,1.0,0.966838497033619,0.018501728489279185,35,text,rf
"RandomForestClassifier(criterion='entropy', max_depth=6, n_estimators=200)_entropy_8_sqrt_200",1.583360481262207,0.10713938459445112,0.18195371627807616,0.054059230275327746,"RandomForestClassifier(criterion='entropy', max_depth=6, n_estimators=200)",entropy,8,sqrt,200,"{'clf__estimator': RandomForestClassifier(criterion='entropy', max_depth=6, n_estimators=200), 'clf__estimator__criterion': 'entropy', 'clf__estimator__max_depth': 8, 'clf__estimator__max_features': 'sqrt', 'clf__estimator__n_estimators': 200}",1.0,0.96,0.9743589743589743,0.975,0.9767441860465117,0.9772206320810973,0.01287475875221986,33,1.0,0.972972972972973,0.972972972972973,0.972972972972973,0.972972972972973,0.9783783783783784,0.010810810810810787,33,1.0,0.96,0.95,0.9512195121951219,1.0,0.9722439024390244,0.022923923012477074,13,text,rf
"RandomForestClassifier(criterion='entropy', max_depth=6, n_estimators=200)_gini_4_auto_200",0.8426633358001709,0.17427265303864756,0.12975730895996093,0.032839563131306156,"RandomForestClassifier(criterion='entropy', max_depth=6, n_estimators=200)",gini,4,auto,200,"{'clf__estimator': RandomForestClassifier(criterion='entropy', max_depth=6, n_estimators=200), 'clf__estimator__criterion': 'gini', 'clf__estimator__max_depth': 4, 'clf__estimator__max_features': 'auto', 'clf__estimator__n_estimators': 200}",1.0,0.96,0.9743589743589743,0.9487179487179488,1.0,0.9766153846153847,0.020751432703245896,34,1.0,0.972972972972973,0.972972972972973,0.9459459459459459,1.0,0.9783783783783784,0.020225175063642922,33,1.0,0.96,0.95,0.9024390243902439,1.0,0.9624878048780487,0.03628310914899857,36,text,rf
"RandomForestClassifier(criterion='entropy', max_depth=6, n_estimators=200)_entropy_4_auto_500",2.1462860107421875,0.48806508921655983,0.2118546962738037,0.07457850525147666,"RandomForestClassifier(criterion='entropy', max_depth=6, n_estimators=200)",entropy,4,auto,500,"{'clf__estimator': RandomForestClassifier(criterion='entropy', max_depth=6, n_estimators=200), 'clf__estimator__criterion': 'entropy', 'clf__estimator__max_depth': 4, 'clf__estimator__max_features': 'auto', 'clf__estimator__n_estimators': 500}",1.0,0.96,0.961038961038961,0.9620253164556963,1.0,0.9766128554989315,0.019106263410956663,35,1.0,0.972972972972973,0.9594594594594594,0.9594594594594594,1.0,0.9783783783783784,0.018330621576014245,33,1.0,0.96,0.925,0.926829268292683,1.0,0.9623658536585366,0.033158139647244234,37,text,rf
"RandomForestClassifier(criterion='entropy', max_depth=6, n_estimators=200)_gini_4_sqrt_500",1.8101988792419434,0.3656151049643053,0.20140542984008789,0.049018340704447126,"RandomForestClassifier(criterion='entropy', max_depth=6, n_estimators=200)",gini,4,sqrt,500,"{'clf__estimator': RandomForestClassifier(criterion='entropy', max_depth=6, n_estimators=200), 'clf__estimator__criterion': 'gini', 'clf__estimator__max_depth': 4, 'clf__estimator__max_features': 'sqrt', 'clf__estimator__n_estimators': 500}",1.0,0.9411764705882353,0.9743589743589743,0.9620253164556963,0.988235294117647,0.9731592111041106,0.020474447296082315,36,1.0,0.9594594594594594,0.972972972972973,0.9594594594594594,0.9864864864864865,0.9756756756756758,0.015759329445527853,36,1.0,0.96,0.95,0.926829268292683,1.0,0.9673658536585366,0.028736800244299726,27,text,rf
"RandomForestClassifier(criterion='entropy', max_depth=6, n_estimators=200)_gini_6_sqrt_200",1.008670711517334,0.10037233209038522,0.1280344009399414,0.038467231890565085,"RandomForestClassifier(criterion='entropy', max_depth=6, n_estimators=200)",gini,6,sqrt,200,"{'clf__estimator': RandomForestClassifier(criterion='entropy', max_depth=6, n_estimators=200), 'clf__estimator__criterion': 'gini', 'clf__estimator__max_depth': 6, 'clf__estimator__max_features': 'sqrt', 'clf__estimator__n_estimators': 200}",1.0,0.9411764705882353,0.9743589743589743,0.9500000000000001,1.0,0.9731070889894419,0.024501128526137332,37,1.0,0.9594594594594594,0.972972972972973,0.9459459459459459,1.0,0.9756756756756758,0.021621621621621626,36,1.0,0.96,0.95,0.926829268292683,1.0,0.9673658536585366,0.028736800244299726,27,text,rf
"RandomForestClassifier(criterion='entropy', max_depth=6, n_estimators=200)_gini_4_auto_500",1.692490530014038,0.38484472021975963,0.1571873188018799,0.03800644325040971,"RandomForestClassifier(criterion='entropy', max_depth=6, n_estimators=200)",gini,4,auto,500,"{'clf__estimator': RandomForestClassifier(criterion='entropy', max_depth=6, n_estimators=200), 'clf__estimator__criterion': 'gini', 'clf__estimator__max_depth': 4, 'clf__estimator__max_features': 'auto', 'clf__estimator__n_estimators': 500}",0.9863013698630138,0.96,0.9473684210526316,0.9620253164556963,1.0,0.9711390214742682,0.019157409809780163,38,0.9864864864864865,0.972972972972973,0.9459459459459459,0.9594594594594594,1.0,0.972972972972973,0.019110994086122914,38,0.972972972972973,0.96,0.9,0.926829268292683,1.0,0.9519604482531312,0.0350583043181024,39,text,rf
"RandomForestClassifier(criterion='entropy', max_depth=6, n_estimators=200)_gini_5_sqrt_200",0.8678076267242432,0.13692816572165253,0.11802821159362793,0.035385551798930714,"RandomForestClassifier(criterion='entropy', max_depth=6, n_estimators=200)",gini,5,sqrt,200,"{'clf__estimator': RandomForestClassifier(criterion='entropy', max_depth=6, n_estimators=200), 'clf__estimator__criterion': 'gini', 'clf__estimator__max_depth': 5, 'clf__estimator__max_features': 'sqrt', 'clf__estimator__n_estimators': 200}",0.9863013698630138,0.923076923076923,0.9743589743589743,0.9620253164556963,1.0,0.9691525167509216,0.026254580183832355,39,0.9864864864864865,0.9459459459459459,0.972972972972973,0.9594594594594594,1.0,0.972972972972973,0.019110994086122914,38,0.972972972972973,0.96,0.95,0.926829268292683,1.0,0.9619604482531312,0.024287357546634303,38,text,rf
"RandomForestClassifier(criterion='entropy', max_depth=6, n_estimators=200)_gini_5_auto_200",1.015653133392334,0.17795290660509439,0.13824586868286132,0.022437763581857013,"RandomForestClassifier(criterion='entropy', max_depth=6, n_estimators=200)",gini,5,auto,200,"{'clf__estimator': RandomForestClassifier(criterion='entropy', max_depth=6, n_estimators=200), 'clf__estimator__criterion': 'gini', 'clf__estimator__max_depth': 5, 'clf__estimator__max_features': 'auto', 'clf__estimator__n_estimators': 200}",0.9722222222222222,0.96,0.961038961038961,0.9620253164556963,0.988235294117647,0.9687043587669054,0.010704826846153098,40,0.972972972972973,0.972972972972973,0.9594594594594594,0.9594594594594594,0.9864864864864865,0.9702702702702704,0.01011258753182149,40,0.9459459459459459,0.96,0.925,0.926829268292683,1.0,0.9515550428477259,0.027445317891525104,41,text,rf
"RandomForestClassifier(criterion='entropy', max_depth=6, n_estimators=200)_gini_8_log2_200",1.2235802173614503,0.12782359598030393,0.16267590522766112,0.043899624047348366,"RandomForestClassifier(criterion='entropy', max_depth=6, n_estimators=200)",gini,8,log2,200,"{'clf__estimator': RandomForestClassifier(criterion='entropy', max_depth=6, n_estimators=200), 'clf__estimator__criterion': 'gini', 'clf__estimator__max_depth': 8, 'clf__estimator__max_features': 'log2', 'clf__estimator__n_estimators': 200}",0.9863013698630138,0.923076923076923,0.9333333333333333,0.975,1.0,0.9635423252546541,0.030094672073976217,41,0.9864864864864865,0.9459459459459459,0.9324324324324325,0.972972972972973,1.0,0.9675675675675676,0.02506383377161001,41,0.972972972972973,0.96,0.875,0.9512195121951219,1.0,0.9518384970336189,0.04180273756704905,40,text,rf
"RandomForestClassifier(criterion='entropy', max_depth=6, n_estimators=200)_entropy_8_log2_500",1.3956908702850341,0.21232464417855387,0.09345111846923829,0.025480442879278063,"RandomForestClassifier(criterion='entropy', max_depth=6, n_estimators=200)",entropy,8,log2,500,"{'clf__estimator': RandomForestClassifier(criterion='entropy', max_depth=6, n_estimators=200), 'clf__estimator__criterion': 'entropy', 'clf__estimator__max_depth': 8, 'clf__estimator__max_features': 'log2', 'clf__estimator__n_estimators': 500}",0.9722222222222222,0.923076923076923,0.9473684210526316,0.975,1.0,0.9635335132703553,0.02621001538367177,42,0.972972972972973,0.9459459459459459,0.9459459459459459,0.972972972972973,1.0,0.9675675675675676,0.020225175063642933,41,0.9459459459459459,0.96,0.9,0.9512195121951219,1.0,0.9514330916282135,0.03196139485752448,42,text,rf
"RandomForestClassifier(criterion='entropy', max_depth=6, n_estimators=200)_entropy_7_log2_200",1.2029053211212157,0.13092395026153597,0.1927121639251709,0.03920429081144874,"RandomForestClassifier(criterion='entropy', max_depth=6, n_estimators=200)",entropy,7,log2,200,"{'clf__estimator': RandomForestClassifier(criterion='entropy', max_depth=6, n_estimators=200), 'clf__estimator__criterion': 'entropy', 'clf__estimator__max_depth': 7, 'clf__estimator__max_features': 'log2', 'clf__estimator__n_estimators': 200}",0.9863013698630138,0.923076923076923,0.9333333333333333,0.9620253164556963,1.0,0.9609473885457934,0.029549284115564733,43,0.9864864864864865,0.9459459459459459,0.9324324324324325,0.9594594594594594,1.0,0.9648648648648649,0.02506383377161001,43,0.972972972972973,0.96,0.875,0.926829268292683,1.0,0.9469604482531311,0.0429963857108012,43,text,rf
"RandomForestClassifier(criterion='entropy', max_depth=6, n_estimators=200)_gini_7_log2_500",1.7745452404022217,0.4362273942642492,0.25454983711242674,0.08484711471073714,"RandomForestClassifier(criterion='entropy', max_depth=6, n_estimators=200)",gini,7,log2,500,"{'clf__estimator': RandomForestClassifier(criterion='entropy', max_depth=6, n_estimators=200), 'clf__estimator__criterion': 'gini', 'clf__estimator__max_depth': 7, 'clf__estimator__max_features': 'log2', 'clf__estimator__n_estimators': 500}",0.9577464788732395,0.923076923076923,0.9333333333333333,0.975,1.0,0.9578313470566993,0.02786032232442722,44,0.9594594594594594,0.9459459459459459,0.9324324324324325,0.972972972972973,1.0,0.9621621621621621,0.023249527748763855,44,0.918918918918919,0.96,0.875,0.9512195121951219,1.0,0.9410276862228081,0.04192853142808809,48,text,rf
"RandomForestClassifier(criterion='entropy', max_depth=6, n_estimators=200)_gini_8_log2_500",1.985502290725708,0.499661947074708,0.2495434284210205,0.08623239582095381,"RandomForestClassifier(criterion='entropy', max_depth=6, n_estimators=200)",gini,8,log2,500,"{'clf__estimator': RandomForestClassifier(criterion='entropy', max_depth=6, n_estimators=200), 'clf__estimator__criterion': 'gini', 'clf__estimator__max_depth': 8, 'clf__estimator__max_features': 'log2', 'clf__estimator__n_estimators': 500}",0.9722222222222222,0.9056603773584904,0.9333333333333333,0.975,1.0,0.9572431865828094,0.033467262555805614,45,0.972972972972973,0.9324324324324325,0.9324324324324325,0.972972972972973,1.0,0.9621621621621621,0.02620367490495313,44,0.9459459459459459,0.96,0.875,0.9512195121951219,1.0,0.9464330916282137,0.04044578689456701,44,text,rf
"RandomForestClassifier(criterion='entropy', max_depth=6, n_estimators=200)_entropy_7_log2_500",1.9006321430206299,0.5148232905277371,0.21479310989379882,0.06334030629639784,"RandomForestClassifier(criterion='entropy', max_depth=6, n_estimators=200)",entropy,7,log2,500,"{'clf__estimator': RandomForestClassifier(criterion='entropy', max_depth=6, n_estimators=200), 'clf__estimator__criterion': 'entropy', 'clf__estimator__max_depth': 7, 'clf__estimator__max_features': 'log2', 'clf__estimator__n_estimators': 500}",0.9577464788732395,0.923076923076923,0.9473684210526316,0.9620253164556963,0.9879518072289156,0.9556337893374813,0.021061980960966262,46,0.9594594594594594,0.9459459459459459,0.9459459459459459,0.9594594594594594,0.9864864864864865,0.9594594594594594,0.014803312365004501,46,0.918918918918919,0.96,0.9,0.926829268292683,0.9761904761904762,0.9363877326804155,0.027793482488547457,51,text,rf
"RandomForestClassifier(criterion='entropy', max_depth=6, n_estimators=200)_entropy_6_log2_500",1.9948371410369874,0.5944075830036059,0.22644872665405275,0.06356440535066224,"RandomForestClassifier(criterion='entropy', max_depth=6, n_estimators=200)",entropy,6,log2,500,"{'clf__estimator': RandomForestClassifier(criterion='entropy', max_depth=6, n_estimators=200), 'clf__estimator__criterion': 'entropy', 'clf__estimator__max_depth': 6, 'clf__estimator__max_features': 'log2', 'clf__estimator__n_estimators': 500}",0.9722222222222222,0.923076923076923,0.9333333333333333,0.9487179487179488,1.0,0.9554700854700855,0.027743437023977878,47,0.972972972972973,0.9459459459459459,0.9324324324324325,0.9459459459459459,1.0,0.9594594594594594,0.024173707864862594,46,0.9459459459459459,0.96,0.875,0.9024390243902439,1.0,0.936676994067238,0.0438542342762998,50,text,rf
"RandomForestClassifier(criterion='entropy', max_depth=6, n_estimators=200)_gini_6_log2_200",1.030142593383789,0.30881787068851513,0.1644516944885254,0.061925899433090646,"RandomForestClassifier(criterion='entropy', max_depth=6, n_estimators=200)",gini,6,log2,200,"{'clf__estimator': RandomForestClassifier(criterion='entropy', max_depth=6, n_estimators=200), 'clf__estimator__criterion': 'gini', 'clf__estimator__max_depth': 6, 'clf__estimator__max_features': 'log2', 'clf__estimator__n_estimators': 200}",0.9577464788732395,0.9056603773584904,0.961038961038961,0.9620253164556963,0.9879518072289156,0.9548845881910607,0.02688315692237015,48,0.9594594594594594,0.9324324324324325,0.9594594594594594,0.9594594594594594,0.9864864864864865,0.9594594594594594,0.017093392757666918,46,0.918918918918919,0.96,0.925,0.926829268292683,0.9761904761904762,0.9413877326804156,0.022552169342150617,46,text,rf
"RandomForestClassifier(criterion='entropy', max_depth=6, n_estimators=200)_entropy_8_log2_200",1.1468133926391602,0.21866452375592366,0.13446712493896484,0.029895860026992013,"RandomForestClassifier(criterion='entropy', max_depth=6, n_estimators=200)",entropy,8,log2,200,"{'clf__estimator': RandomForestClassifier(criterion='entropy', max_depth=6, n_estimators=200), 'clf__estimator__criterion': 'entropy', 'clf__estimator__max_depth': 8, 'clf__estimator__max_features': 'log2', 'clf__estimator__n_estimators': 200}",0.9577464788732395,0.923076923076923,0.9487179487179489,0.9487179487179488,0.988235294117647,0.9532989187007415,0.020955527720444296,49,0.9594594594594594,0.9459459459459459,0.9459459459459459,0.9459459459459459,0.9864864864864865,0.9567567567567569,0.01575932944552785,49,0.918918918918919,0.96,0.925,0.9024390243902439,1.0,0.9412715886618326,0.03484868485231342,47,text,rf
"RandomForestClassifier(criterion='entropy', max_depth=6, n_estimators=200)_entropy_6_log2_200",1.0954702854156495,0.09635822611299531,0.16135172843933104,0.051790789564690354,"RandomForestClassifier(criterion='entropy', max_depth=6, n_estimators=200)",entropy,6,log2,200,"{'clf__estimator': RandomForestClassifier(criterion='entropy', max_depth=6, n_estimators=200), 'clf__estimator__criterion': 'entropy', 'clf__estimator__max_depth': 6, 'clf__estimator__max_features': 'log2', 'clf__estimator__n_estimators': 200}",0.9577464788732395,0.8928571428571428,0.9333333333333333,0.975,0.9879518072289156,0.9493777524585264,0.03366450815647462,50,0.9594594594594594,0.918918918918919,0.9324324324324325,0.972972972972973,0.9864864864864865,0.9540540540540542,0.025063833771610006,50,0.918918918918919,1.0,0.875,0.9512195121951219,0.9761904761904762,0.9442657814609033,0.04384987010921717,45,text,rf
"RandomForestClassifier(criterion='entropy', max_depth=6, n_estimators=200)_entropy_5_log2_200",1.0032801628112793,0.18448526649816593,0.14548263549804688,0.02912815523211373,"RandomForestClassifier(criterion='entropy', max_depth=6, n_estimators=200)",entropy,5,log2,200,"{'clf__estimator': RandomForestClassifier(criterion='entropy', max_depth=6, n_estimators=200), 'clf__estimator__criterion': 'entropy', 'clf__estimator__max_depth': 5, 'clf__estimator__max_features': 'log2', 'clf__estimator__n_estimators': 200}",0.9444444444444445,0.9259259259259259,0.9333333333333333,0.9620253164556963,0.975609756097561,0.9482677552513923,0.01829572355346162,51,0.9459459459459459,0.9459459459459459,0.9324324324324325,0.9594594594594594,0.972972972972973,0.9513513513513514,0.013781133820521048,51,0.918918918918919,1.0,0.875,0.926829268292683,0.9523809523809523,0.9346258279185108,0.04111388939836601,52,text,rf
"RandomForestClassifier(criterion='entropy', max_depth=6, n_estimators=200)_entropy_5_log2_500",1.8760811805725097,0.4341433092878663,0.2982729434967041,0.07662099676985298,"RandomForestClassifier(criterion='entropy', max_depth=6, n_estimators=200)",entropy,5,log2,500,"{'clf__estimator': RandomForestClassifier(criterion='entropy', max_depth=6, n_estimators=200), 'clf__estimator__criterion': 'entropy', 'clf__estimator__max_depth': 5, 'clf__estimator__max_features': 'log2', 'clf__estimator__n_estimators': 500}",0.9589041095890412,0.9056603773584904,0.9333333333333333,0.9487179487179488,0.9879518072289156,0.9469135152455459,0.02726688272639943,52,0.9594594594594594,0.9324324324324325,0.9324324324324325,0.9459459459459459,0.9864864864864865,0.9513513513513514,0.020225175063642926,51,0.9459459459459459,0.96,0.875,0.9024390243902439,0.9761904761904762,0.9319150893053332,0.0375608914274902,53,text,rf
"RandomForestClassifier(criterion='entropy', max_depth=6, n_estimators=200)_entropy_4_log2_500",1.7624563217163085,0.5151987662013596,0.1956099033355713,0.04643253812868625,"RandomForestClassifier(criterion='entropy', max_depth=6, n_estimators=200)",entropy,4,log2,500,"{'clf__estimator': RandomForestClassifier(criterion='entropy', max_depth=6, n_estimators=200), 'clf__estimator__criterion': 'entropy', 'clf__estimator__max_depth': 4, 'clf__estimator__max_features': 'log2', 'clf__estimator__n_estimators': 500}",0.9577464788732395,0.9056603773584904,0.9210526315789473,0.9350649350649352,0.9879518072289156,0.9414952460209056,0.02886417102485343,53,0.9594594594594594,0.9324324324324325,0.918918918918919,0.9324324324324325,0.9864864864864865,0.9459459459459459,0.02417370786486258,53,0.918918918918919,0.96,0.875,0.8780487804878049,0.9761904761904762,0.9216316351194399,0.041304072447064515,56,text,rf
"RandomForestClassifier(criterion='entropy', max_depth=6, n_estimators=200)_gini_5_log2_500",1.6305898189544679,0.37341306559063125,0.18010296821594238,0.04997318930064547,"RandomForestClassifier(criterion='entropy', max_depth=6, n_estimators=200)",gini,5,log2,500,"{'clf__estimator': RandomForestClassifier(criterion='entropy', max_depth=6, n_estimators=200), 'clf__estimator__criterion': 'gini', 'clf__estimator__max_depth': 5, 'clf__estimator__max_features': 'log2', 'clf__estimator__n_estimators': 500}",0.9295774647887325,0.9056603773584904,0.9333333333333333,0.9487179487179488,0.9879518072289156,0.941048186285484,0.027210910832819696,54,0.9324324324324325,0.9324324324324325,0.9324324324324325,0.9459459459459459,0.9864864864864865,0.9459459459459459,0.020935045114634687,53,0.8918918918918919,0.96,0.875,0.9024390243902439,0.9761904761904762,0.9211042784945225,0.039685579409474876,57,text,rf
"RandomForestClassifier(criterion='entropy', max_depth=6, n_estimators=200)_gini_5_log2_200",0.7428101062774658,0.229254173970667,0.10534090995788574,0.023959347038963595,"RandomForestClassifier(criterion='entropy', max_depth=6, n_estimators=200)",gini,5,log2,200,"{'clf__estimator': RandomForestClassifier(criterion='entropy', max_depth=6, n_estimators=200), 'clf__estimator__criterion': 'gini', 'clf__estimator__max_depth': 5, 'clf__estimator__max_features': 'log2', 'clf__estimator__n_estimators': 200}",0.9722222222222222,0.888888888888889,0.9066666666666667,0.9487179487179488,0.9879518072289156,0.9408895067449284,0.037770757816552265,55,0.972972972972973,0.918918918918919,0.9054054054054054,0.9459459459459459,0.9864864864864865,0.9459459459459459,0.03081555202970645,53,0.9459459459459459,0.96,0.85,0.9024390243902439,0.9761904761904762,0.9269150893053333,0.04560670408921302,54,text,rf
"RandomForestClassifier(criterion='entropy', max_depth=6, n_estimators=200)_gini_7_log2_200",1.1916536808013916,0.18449696968993898,0.18158302307128907,0.03630734339638526,"RandomForestClassifier(criterion='entropy', max_depth=6, n_estimators=200)",gini,7,log2,200,"{'clf__estimator': RandomForestClassifier(criterion='entropy', max_depth=6, n_estimators=200), 'clf__estimator__criterion': 'gini', 'clf__estimator__max_depth': 7, 'clf__estimator__max_features': 'log2', 'clf__estimator__n_estimators': 200}",0.9722222222222222,0.8727272727272728,0.9210526315789473,0.9500000000000001,0.9879518072289156,0.9407907867514715,0.04079005591518521,56,0.972972972972973,0.9054054054054054,0.918918918918919,0.9459459459459459,0.9864864864864865,0.9459459459459459,0.030815552029706445,53,0.9459459459459459,0.96,0.875,0.926829268292683,0.9761904761904762,0.936793138085821,0.034906025832536706,49,text,rf
"RandomForestClassifier(criterion='entropy', max_depth=6, n_estimators=200)_gini_6_log2_500",1.8698390960693358,0.6030222217073649,0.2288001537322998,0.08699129877314954,"RandomForestClassifier(criterion='entropy', max_depth=6, n_estimators=200)",gini,6,log2,500,"{'clf__estimator': RandomForestClassifier(criterion='entropy', max_depth=6, n_estimators=200), 'clf__estimator__criterion': 'gini', 'clf__estimator__max_depth': 6, 'clf__estimator__max_features': 'log2', 'clf__estimator__n_estimators': 500}",0.9444444444444445,0.8727272727272728,0.9333333333333333,0.9350649350649352,1.0,0.9371139971139971,0.040429017223272086,57,0.9459459459459459,0.9054054054054054,0.9324324324324325,0.9324324324324325,1.0,0.9432432432432432,0.03128604568321683,57,0.918918918918919,0.96,0.875,0.8780487804878049,1.0,0.9263935398813448,0.048128342572319106,55,text,rf
"RandomForestClassifier(criterion='entropy', max_depth=6, n_estimators=200)_gini_4_log2_500",1.3657199382781982,0.4008065991199109,0.15935416221618653,0.04554333332126193,"RandomForestClassifier(criterion='entropy', max_depth=6, n_estimators=200)",gini,4,log2,500,"{'clf__estimator': RandomForestClassifier(criterion='entropy', max_depth=6, n_estimators=200), 'clf__estimator__criterion': 'gini', 'clf__estimator__max_depth': 4, 'clf__estimator__max_features': 'log2', 'clf__estimator__n_estimators': 500}",0.9444444444444445,0.888888888888889,0.9041095890410958,0.9210526315789475,0.975609756097561,0.9268210620101875,0.03059037701940069,58,0.9459459459459459,0.918918918918919,0.9054054054054054,0.918918918918919,0.972972972972973,0.9324324324324325,0.024173707864862604,58,0.918918918918919,0.96,0.825,0.8536585365853658,0.9523809523809523,0.9019916815770473,0.05376687998997962,58,text,rf
"RandomForestClassifier(criterion='entropy', max_depth=6, n_estimators=200)_entropy_4_log2_200",1.2410624504089356,0.14673142896969116,0.1882373332977295,0.029047814183715263,"RandomForestClassifier(criterion='entropy', max_depth=6, n_estimators=200)",entropy,4,log2,200,"{'clf__estimator': RandomForestClassifier(criterion='entropy', max_depth=6, n_estimators=200), 'clf__estimator__criterion': 'entropy', 'clf__estimator__max_depth': 4, 'clf__estimator__max_features': 'log2', 'clf__estimator__n_estimators': 200}",0.927536231884058,0.888888888888889,0.9041095890410958,0.9350649350649352,0.951219512195122,0.92136383141482,0.022223911517070465,59,0.9324324324324325,0.918918918918919,0.9054054054054054,0.9324324324324325,0.9459459459459459,0.927027027027027,0.013781133820521046,59,0.8648648648648649,0.96,0.825,0.8780487804878049,0.9285714285714286,0.8912970147848197,0.0477052419161056,59,text,rf
"RandomForestClassifier(criterion='entropy', max_depth=6, n_estimators=200)_gini_4_log2_200",0.8127440929412841,0.1500087927898169,0.15208754539489747,0.04781007754682026,"RandomForestClassifier(criterion='entropy', max_depth=6, n_estimators=200)",gini,4,log2,200,"{'clf__estimator': RandomForestClassifier(criterion='entropy', max_depth=6, n_estimators=200), 'clf__estimator__criterion': 'gini', 'clf__estimator__max_depth': 4, 'clf__estimator__max_features': 'log2', 'clf__estimator__n_estimators': 200}",0.9142857142857143,0.8571428571428571,0.8918918918918919,0.8918918918918919,0.975609756097561,0.9061644222619833,0.03924062657177797,60,0.918918918918919,0.8918918918918919,0.8918918918918919,0.8918918918918919,0.972972972972973,0.9135135135135135,0.031518658891055706,60,0.8648648648648649,0.96,0.825,0.8048780487804879,0.9523809523809523,0.881424773205261,0.0640721971602771,60,text,rf
